{
    "iter-0": {
        "CAS": [
            4082.457486,
            21632.230444,
            22575.695772,
            27963.094618,
            24108.520314,
            21929.085972,
            19585.853403,
            18327.683404
        ],
        "FAI": [
            2168.233314,
            13205.384111,
            16544.073381,
            20125.703583,
            18432.22734,
            17686.858142,
            15634.86382,
            15631.690229
        ],
        "FAIDELAY": [
            2184.071494,
            14340.3134,
            17226.264491,
            20329.831587,
            17639.025455,
            16573.676204,
            14581.538874,
            15217.233764
        ],
        "FAIRANDOM": [
            5072.611318,
            12029.547574,
            25062.94332,
            29089.126567,
            24030.76296,
            23905.292372,
            20827.03883,
            20414.990086
        ],
        "RW": [
            4533.652753,
            23631.130973,
            29733.333937,
            36701.129609,
            35112.005176,
            31104.916021,
            30012.447883,
            25114.773379
        ],
        "RW128": [
            4591.169436,
            23131.416407,
            27668.033093,
            33121.526371,
            32508.013445,
            29608.554095,
            26930.570703,
            22723.821143
        ],
        "RW16": [
            4611.424956,
            23887.811613,
            28710.380551,
            34354.873157,
            33010.819325,
            30334.44776,
            30561.467608,
            26778.912199
        ],
        "RW32": [
            4596.030883,
            23513.366325,
            27737.772257,
            35560.168793,
            34404.794411,
            32008.675416,
            30749.802541,
            25845.754596
        ],
        "RWNC": [
            4370.061469,
            24560.063681,
            27824.197319,
            34738.183814,
            31036.978563,
            30117.164094,
            27631.802043,
            29618.835612
        ],
        "RWWC": [
            4327.311831,
            21207.25461,
            23073.065147,
            28396.130538,
            26719.781102,
            25250.741386,
            23301.806159,
            22452.414436
        ]
    },
    "iter-1": {
        "CAS": [
            4458.603642,
            21796.561459,
            22698.018774,
            27811.896789,
            24081.11264,
            21709.71821,
            19352.519419,
            18336.897606
        ],
        "FAI": [
            2324.134253,
            13982.695596,
            16658.827611,
            20283.775566,
            17904.045332,
            17569.970994,
            15634.144945,
            15609.594729
        ],
        "FAIDELAY": [
            2399.994558,
            14897.461867,
            17464.672408,
            20322.991673,
            17633.350882,
            16599.6701,
            14484.760927,
            14148.353998
        ],
        "FAIRANDOM": [
            5691.388016,
            13704.305429,
            25006.549513,
            29140.057381,
            24791.761532,
            21747.767407,
            20189.73353,
            20499.609874
        ],
        "RW": [
            7391.761933,
            21950.925826,
            29756.196499,
            36077.018601,
            35131.646967,
            31570.160712,
            29284.547004,
            24877.328381
        ],
        "RW128": [
            5135.869038,
            24371.068965,
            27574.275617,
            35346.824442,
            31981.721064,
            29485.962353,
            27785.499554,
            23525.196551
        ],
        "RW16": [
            5061.473573,
            26946.017518,
            26970.369568,
            35478.737271,
            32308.095237,
            30928.327088,
            30287.93917,
            26683.873695
        ],
        "RW32": [
            5096.842099,
            23061.270751,
            26253.175692,
            35823.381727,
            34165.564157,
            33142.988891,
            30226.124797,
            25512.842519
        ],
        "RWNC": [
            6955.921042,
            23168.854517,
            29112.181851,
            34618.323566,
            30849.186998,
            29110.612833,
            27207.975951,
            26420.702393
        ],
        "RWWC": [
            4856.694878,
            16465.209316,
            20631.656545,
            28407.376417,
            26429.72487,
            25919.832478,
            24754.130727,
            23034.490659
        ]
    }
}
