{
    "CAS": [
        736.40648,
        1419.751574,
        2179.843182,
        2212.860338,
        2299.857381,
        2280.105163,
        2439.448162,
        2442.23023,
        2435.724582,
        2371.310475,
        2323.997473,
        2263.547054,
        2264.364216,
        2227.014131,
        2263.440354,
        2198.309241,
        2231.325348,
        2208.352045,
        2341.152197,
        2386.678902,
        2370.794128,
        2346.983556,
        2404.800701,
        2406.100513,
        2395.171492,
        2392.326256,
        2386.661263,
        2377.189389,
        2359.30179,
        2354.844516,
        2345.866455,
        2329.335949,
        2319.166447,
        2364.30789,
        2372.168497,
        2365.277813,
        2361.0593,
        2398.558953,
        2403.457139,
        2395.863589,
        2388.740763,
        2382.289473,
        2358.795231,
        2361.978165,
        2341.587748,
        2349.604979,
        2327.198459,
        2333.607555,
        2322.354675,
        2357.035594,
        2369.821352,
        2361.433077,
        2368.210629,
        2395.278183,
        2388.503175,
        2394.075326,
        2377.631374,
        2381.700788,
        2371.708398,
        2365.278606,
        2360.042204,
        2369.881252,
        2350.047594,
        2344.887209
    ],
    "FAI": [
        734.755585,
        1496.337331,
        1700.223976,
        1503.402009,
        1578.108498,
        1598.451773,
        1681.416123,
        1612.724745,
        1660.198711,
        1614.55849,
        1651.097847,
        1615.218973,
        1559.054085,
        1538.987542,
        1572.472351,
        1628.868752,
        1646.78773,
        1659.600561,
        1733.703663,
        1689.856336,
        1703.825557,
        1690.412818,
        1750.766088,
        1662.985049,
        1705.053828,
        1702.841699,
        1720.507483,
        1692.460707,
        1711.576033,
        1705.200012,
        1713.148727,
        1664.551256,
        1684.372756,
        1697.63032,
        1684.228395,
        1706.968607,
        1693.304103,
        1710.668036,
        1694.406089,
        1696.217799,
        1685.829455,
        1697.132674,
        1685.086002,
        1704.324752,
        1691.845126,
        1700.070369,
        1679.152269,
        1702.008745,
        1666.003046,
        1722.344898,
        1709.05356,
        1708.710122,
        1700.81222,
        1724.305516,
        1709.807638,
        1691.563656,
        1708.670248,
        1716.172924,
        1705.622682,
        1715.322496,
        1715.917616,
        1691.88317,
        1694.786333,
        1693.609134
    ],
    "RW": [
        650.44787,
        1043.942827,
        2800.08449,
        6080.040455,
        8763.406394,
        11908.987782,
        13653.898819,
        14425.258577,
        15300.469435,
        15176.380747,
        14190.701043,
        13065.029546,
        12212.916221,
        11648.656675,
        10906.877336,
        10261.381979,
        9682.183873,
        11842.059329,
        12878.747493,
        14012.707973,
        14025.185158,
        15497.877173,
        16253.644258,
        16005.131728,
        15858.633393,
        15416.473778,
        14473.535819,
        13695.754816,
        12980.154541,
        12260.654642,
        11909.352171,
        11245.633462,
        10620.357876,
        10739.796615,
        10661.340677,
        10698.337079,
        12069.151329,
        11916.456519,
        12042.542512,
        11851.200488,
        11669.874293,
        11489.377929,
        10944.037551,
        10495.6458,
        10053.072579,
        9727.693227,
        9504.30731,
        9273.538014,
        10399.399677,
        10608.236402,
        10478.881629,
        10537.611086,
        11474.776976,
        11636.306941,
        11621.425972,
        11507.857654,
        11309.082522,
        11110.072265,
        10824.646626,
        10463.125172,
        9959.027255,
        9704.636753,
        9463.103294,
        9306.479742
    ],
    "RWNC": [
        772.349097,
        1200.018841,
        1455.943356,
        4253.69969,
        3492.495453,
        3511.179335,
        3966.800734,
        4414.150181,
        4426.902821,
        11701.032142,
        5310.936655,
        5232.492599,
        9363.305085,
        5333.816723,
        8231.168012,
        7503.349656,
        7915.522914,
        8503.401498,
        8162.341216,
        9428.221458,
        9710.614404,
        10344.116725,
        11099.451568,
        9964.994226,
        12433.533159,
        10321.889824,
        9737.091083,
        10683.213758,
        11499.754575,
        10917.051996,
        9620.719846,
        9761.863228,
        9328.796038,
        8403.972536,
        8339.051438,
        9738.761626,
        10293.517214,
        10318.081923,
        9655.385587,
        9657.600923,
        9233.546388,
        8977.20258,
        8763.299595,
        8516.876389,
        8175.653544,
        8717.811246,
        8127.10262,
        7223.384431,
        8045.59726,
        8618.81173,
        7743.55345,
        8405.869953,
        8758.796205,
        9321.196476,
        8598.385358,
        7550.459467,
        7256.066882,
        7191.480153,
        8670.5609,
        8347.661498,
        7691.48824,
        6748.63819,
        7558.699153,
        7460.274757
    ]
}
